observed,p,striping,xios_nodes,sample_size
-0.025386367346938776,0.132,unstriped,1,3500
0.07119759183673469,0.0,striped,2,3500
0.12763183673469392,0.0,unstriped,2,3500
0.05216387755102048,0.0,striped,4,3500
0.0381241632653061,0.002,unstriped,4,3500
